Movie Title,Release Year,IMDb Rating,Movie Link,Stream
True Detective,2014,8.9,/in/tv-show/true-detective,Jio Cinema
Indian Police Force,2024,6.0,/in/tv-show/indian-police-force,Amazon Prime Video
Reacher,2022,8.1,/in/tv-show/jack-reacher,Amazon Prime Video
Animal,2023,6.4,/in/movie/animal-2022,"Netflix, Bookmyshow"
Mirzapur,2018,8.5,/in/tv-show/mirzapur,Amazon Prime Video
Game of Thrones,2011,9.2,/in/tv-show/game-of-thrones,Jio Cinema
Salaar,2023,6.5,/in/movie/salaar,"Netflix, Bookmyshow"
Solo Leveling,2024,8.4,/in/tv-show/solo-leveling-2024,Crunchyroll
Panchayat,2020,8.9,/in/tv-show/panchayat,Amazon Prime Video
12th Fail,2023,9.2,/in/movie/12th-fail,"Hotstar, Bookmyshow"
Bigg Boss,2006,3.7,/in/tv-show/bigg-boss,Voot
Death and Other Details,2024,7.0,/in/tv-show/death-and-other-details,Hotstar
The Legend of Hanuman,2021,9.2,/in/tv-show/the-legend-of-hanuman,Hotstar
Yellowstone,2018,8.7,/in/tv-show/yellowstone,Netflix
Killer Soup,2024,6.3,/in/tv-show/killer-soup,Netflix
Jujutsu Kaisen,2020,8.6,/in/tv-show/jujutsu-kaisen,Netflix
Maharani,2021,7.9,/in/tv-show/maharani-2021,Sony Liv
Farzi,2023,8.4,/in/tv-show/farzi,Amazon Prime Video
One Piece,1999,9.0,/in/tv-show/one-piece,Crunchyroll
Berlin,2023,7.0,/in/tv-show/berlin,Netflix
Mr. & Mrs. Smith,2024,6.8,/in/tv-show/mr-and-mrs-smith,Amazon Prime Video
The Last of Us,2023,8.8,/in/tv-show/the-last-of-us,Jio Cinema
Sam Bahadur,2023,7.9,/in/movie/sam-bahadur,"Zee5, Bookmyshow"
Fargo,2014,8.9,/in/tv-show/fargo,
Superman & Lois,2021,7.8,/in/tv-show/superman-and-lois,Amazon Prime Video
Monarch: Legacy of Monsters,2023,7.0,/in/tv-show/monarch-legacy-of-monsters,Apple TV Plus
Money Heist,2017,8.2,/in/tv-show/paperhouse,Netflix
The Bear,2022,8.6,/in/tv-show/the-bear,Hotstar
The Freelancer,2023,8.1,/in/tv-show/the-freelancer,Hotstar
Mastram,2020,7.1,/in/tv-show/mastram,
Griselda,2024,7.3,/in/tv-show/griselda,Netflix
My Demon,2023,7.8,/in/tv-show/my-demon,Netflix
Marry My Husband,2024,8.2,/in/tv-show/marry-my-husband,Amazon Prime Video
Ek Thi Begum,2020,8.6,/in/tv-show/ek-thi-begum,MX Player
Masters of the Air,2024,8.0,/in/tv-show/masters-of-the-air,Apple TV Plus
Love Never Lies: Poland,2022,,/in/tv-show/love-never-lies-poland,Netflix
Loki,2021,8.2,/in/tv-show/loki,Hotstar
Succession,2018,8.9,/in/tv-show/succession,Jio Cinema
Aashram,2020,7.4,/in/tv-show/aashram,MX Player
Aquaman and the Lost Kingdom,2023,5.7,/in/movie/aquaman-and-the-lost-kingdom,"Bookmyshow, Apple TV, Apple TV"
Scam 1992,2020,9.3,/in/tv-show/scam-1992,Sony Liv
The Railway Men - The Untold Story of Bhopal 1984,2023,8.5,/in/tv-show/the-railway-men-the-untold-story-of-bhopal-1984,Netflix
Gandii Baat,2018,3.4,/in/tv-show/gandii-baat,Alt Balaji
Shark Tank India,2021,8.7,/in/tv-show/shark-tank-india,Sony Liv
House,2004,8.7,/in/tv-show/house,Netflix
Aarya,2020,7.9,/in/tv-show/aarya,Hotstar
Breaking Bad,2008,9.5,/in/tv-show/breaking-bad,Netflix
Gullak,2019,9.1,/in/tv-show/gullak,Sony Liv
ted,2024,8.0,/in/tv-show/ted,
Flames,2018,8.9,/in/tv-show/flames,Amazon Prime Video
Hanu-Man,2024,8.5,/in/movie/hanu-man,
Percy Jackson and the Olympians,2023,7.2,/in/tv-show/percy-jackson-and-the-olympians,
Expats,2024,5.9,/in/tv-show/expats,Amazon Prime Video
Taaza Khabar,2023,8.1,/in/tv-show/taaza-khabar,Hotstar
The Family Man,2019,8.7,/in/tv-show/the-family-man,Amazon Prime Video
Halo,2022,7.2,/in/tv-show/halo,Voot
Oppenheimer,2023,8.4,/in/movie/oppenheimer,"Amazon Video, Apple TV"
Dunki,2023,7.2,/in/movie/dunki,Bookmyshow
Dehati Ladke,2023,7.1,/in/tv-show/dehati-ladke,Amazon miniTV
Fool Me Once,2024,6.8,/in/tv-show/fool-me-once,Netflix
Euphoria,2019,8.3,/in/tv-show/euphoria,Jio Cinema
Spartacus,2010,8.5,/in/tv-show/spartacus,Lionsgate Play
Dark Desire,2020,6.5,/in/tv-show/dark-desire,Netflix
What If...?,2021,7.5,/in/tv-show/what-if-2021,Hotstar
Hi Nanna,2023,8.3,/in/movie/nani30,"Netflix, Bookmyshow"
Lucifer,2016,8.1,/in/tv-show/lucifer,Netflix
Death's Game,2023,8.7,/in/tv-show/deaths-game,Amazon Prime Video
Modern Family,2009,8.5,/in/tv-show/modern-family,Hotstar
Scam 2003: The Telgi Story,2023,7.9,/in/tv-show/scam-2003-the-telgi-story,Sony Liv
House of the Dragon,2022,8.4,/in/tv-show/house-of-the-dragon,Jio Cinema
Guntur Kaaram,2024,5.9,/in/movie/ssmb-28,"Netflix, Bookmyshow"
Aspirants,2021,9.2,/in/tv-show/aspirants,Amazon Prime Video
Friends,1994,8.9,/in/tv-show/friends,Netflix
Killers of the Flower Moon,2023,7.7,/in/movie/killers-of-the-flower-moon,"Apple TV Plus, Apple TV"
Peaky Blinders,2013,8.8,/in/tv-show/peaky-blinders,Netflix
Mission: Impossible - Dead Reckoning Part One,2023,7.7,/in/movie/mission-impossible-7,"Amazon Prime Video, Amazon Video, Apple TV"
Devil,2023,6.7,/in/movie/devil-2023,"Amazon Prime Video, Bookmyshow, Amazon Video"
Asur: Welcome to Your Dark Side,2020,8.5,/in/tv-show/asur,Jio Cinema
Sapta Sagaradaache Ello: Side B,2023,8.1,/in/movie/sapta-sagaradaache-ello-side-b,Amazon Prime Video
Tiger 3,2023,5.8,/in/movie/tiger-3,"Amazon Prime Video, Bookmyshow"
The Boys,2019,8.7,/in/tv-show/the-boys,Amazon Prime Video
The Kerala Story,2023,7.1,/in/movie/the-kerala-story,
Detective Forst,2024,5.5,/in/tv-show/detective-forst,Netflix
Parking,2023,7.9,/in/movie/parking-2023,Hotstar
Kübra,2024,6.3,/in/tv-show/kubra,Netflix
Mashle: Magic and Muscles,2023,7.5,/in/tv-show/mashle-magic-and-muscles,Crunchyroll
Stranger Things,2016,8.7,/in/tv-show/stranger-things,Netflix
Neru,2023,7.7,/in/movie/neru,"Hotstar, Bookmyshow"
Naruto Shippūden,2007,8.7,/in/tv-show/naruto-shippuden,Netflix
Better Call Saul,2015,9.0,/in/tv-show/better-call-saul,Netflix
The Marvels,2023,5.6,/in/movie/the-marvels,"Hotstar, Apple TV"
One-Punch Man,2015,8.7,/in/tv-show/one-punch-man,Netflix
Criminal Record,2024,7.2,/in/tv-show/criminal-record,Apple TV Plus
Koffee with Karan,2004,6.4,/in/tv-show/koffee-with-karan,Hotstar
The Curse,2023,7.2,/in/tv-show/the-curse,Lionsgate Play
Luther,2010,8.4,/in/tv-show/luther,
Kaala Paani,2023,8.0,/in/tv-show/kaala-paani,Netflix
Fighter,2024,7.5,/in/movie/fighter-2022,
Jawan,2023,7.0,/in/movie/jawan,"Netflix, Google Play Movies, Apple TV"
Alexander: The Making of a God,2024,5.2,/in/tv-show/alexander-the-making-of-a-god,Netflix
The Rookie,2018,8.0,/in/tv-show/the-rookie,
The Brothers Sun,2024,7.6,/in/tv-show/the-brothers-sun,Netflix
The Unwanted Undead Adventurer,2024,,/in/tv-show/the-unwanted-undead-adventurer,Netflix
ONE PIECE,2023,8.4,/in/tv-show/one-piece-2023,Netflix
Lift,2024,5.5,/in/movie/lift-0,Netflix
Anyone But You,2024,6.5,/in/movie/anyone-but-you,Bookmyshow
The King: Eternal Monarch,2020,,/in/tv-show/the-king-eternal-monarch,Netflix
Maharani,2009,7.2,/in/tv-show/maharani,Hotstar
Under the Dome,2013,6.5,/in/tv-show/under-the-dome,Amazon Prime Video
Naruto,2002,8.4,/in/tv-show/naruto,Netflix
Echo,2024,6.1,/in/tv-show/echo,
The Walking Dead,2010,8.1,/in/tv-show/the-walking-dead,Netflix
A Clean Sweep,2022,8.2,/in/tv-show/coegangyagu,Netflix
The Beekeeper,2024,6.4,/in/movie/the-beekeeper-2024,Bookmyshow
Perilloor Premier League,2024,7.5,/in/tv-show/perilloor-premier-league,Hotstar
Guthlee Ladoo,2023,7.7,/in/movie/guthlee-ladoo,Amazon Prime Video
Apharan,2018,8.3,/in/tv-show/apharan,Voot
Gyeongseong Creature,2023,7.3,/in/tv-show/gyeongseong-creature,Netflix
Migration,2023,6.7,/in/movie/migration,Amazon Video
Captain Miller,2024,7.1,/in/movie/captain-miller,"Amazon Prime Video, Bookmyshow, Amazon Video"
Undekhi,2020,,/in/tv-show/undekhi,Sony Liv
College Romance,2018,8.3,/in/tv-show/college-romance,Sony Liv
How I Met Your Mother,2005,8.3,/in/tv-show/how-i-met-your-mother,Hotstar
The Witcher,2019,8.0,/in/tv-show/the-witcher,Netflix
Anatomy of a Fall,2023,7.8,/in/movie/anatomie-dune-chute,
Revenge,2011,7.8,/in/tv-show/revenge,
Wednesday,2022,8.1,/in/tv-show/wednesday,Netflix
The Flash,2014,7.5,/in/tv-show/the-flash,
Barbie,2023,6.9,/in/movie/barbie-2023,"Jio Cinema, Amazon Video, Apple TV"
Hazbin Hotel,2024,7.6,/in/tv-show/hazbin-hotel,Amazon Prime Video
Society of the Snow,2023,7.9,/in/movie/society-of-the-snow,Netflix
Parks and Recreation,2009,8.6,/in/tv-show/parks-and-recreation,Jio Cinema
Young Sheldon,2017,7.6,/in/tv-show/young-sheldon,Amazon Prime Video
Attack on Titan,2013,9.0,/in/tv-show/attack-on-titan,
Shameless,2011,8.5,/in/tv-show/shameless,Netflix
Marvel's Daredevil,2015,8.6,/in/tv-show/marvels-daredevil,Hotstar
The Big Bang Theory,2007,8.2,/in/tv-show/the-big-bang-theory,Netflix
Tokyo Vice,2022,8.0,/in/tv-show/tokyo-vice,Lionsgate Play
Aar Ya Paar,2022,7.4,/in/tv-show/aar-ya-paar,
Paurashpur,2020,3.7,/in/tv-show/paurashpur,Alt Balaji
Blue Eye Samurai,2023,8.8,/in/tv-show/blue-eye-samurai,Netflix
Curb Your Enthusiasm,2000,8.8,/in/tv-show/curb-your-enthusiasm,Jio Cinema
You,2018,7.7,/in/tv-show/you,Netflix
One Day,2024,7.5,/in/tv-show/one-day,Netflix
Hunter x Hunter,2011,9.0,/in/tv-show/hunter-x-hunter,Netflix
The Tourist,2022,7.0,/in/tv-show/the-tourist,Lionsgate Play
Demon Slayer: Kimetsu no Yaiba,2019,8.7,/in/tv-show/demon-slayer-kimetsu-no-yaiba,Netflix
Dark,2017,8.7,/in/tv-show/dark,Netflix
Suits,2011,8.4,/in/tv-show/suits,Netflix
Sex Education,2019,8.3,/in/tv-show/sex-education,Netflix
Obliterated,2023,6.8,/in/tv-show/obliterated,Netflix
Kaathal – The Core,2023,7.6,/in/movie/kaathal-the-core,Amazon Prime Video
Gen V,2023,7.8,/in/tv-show/gen-v,Amazon Prime Video
The Office,2005,9.0,/in/tv-show/the-office,Netflix
Saindhav,2024,5.2,/in/movie/saindhav,"Amazon Prime Video, Bookmyshow, Amazon Video"
Poor Things,2023,8.4,/in/movie/poor-things,
Chernobyl,2019,9.3,/in/tv-show/chernobyl,Jio Cinema
Ted Lasso,2020,8.8,/in/tv-show/ted-lasso,Apple TV Plus
The Vampire Diaries,2009,7.7,/in/tv-show/the-vampire-diaries,Netflix
Beef,2023,8.0,/in/tv-show/beef,Netflix
Doctor Slump,2024,7.9,/in/tv-show/doctor-slump,Netflix
The Sopranos,1999,9.2,/in/tv-show/the-sopranos,Jio Cinema
Feud,2017,8.4,/in/tv-show/feud,Hotstar
DEATH NOTE,2006,8.9,/in/tv-show/death-note,Netflix
Sex/Life,2021,5.6,/in/tv-show/sex-life,Netflix
Saltburn,2023,7.1,/in/movie/saltburn,
Cubicles,2019,8.2,/in/tv-show/cubicles,Sony Liv
The Night Manager,2023,7.6,/in/tv-show/the-night-manager-2023,Hotstar
Black Mirror,2011,8.7,/in/tv-show/black-mirror,Netflix
All of Us Are Dead,2022,7.5,/in/tv-show/all-of-us-are-dead,Netflix
Sherlock,2010,9.1,/in/tv-show/sherlock,Amazon Prime Video
Dhootha,2023,7.8,/in/tv-show/dhootha,Amazon Prime Video
Joram,2023,6.8,/in/movie/joram,Amazon Video
The Embassy,2016,6.5,/in/tv-show/the-embassy,
The White Lotus,2021,8.0,/in/tv-show/the-white-lotus,Jio Cinema
Past Lives,2023,7.9,/in/movie/past-lives,Lionsgate Play
The Wheel of Time,2021,7.2,/in/tv-show/the-wheel-of-time,Amazon Prime Video
Prison Break,2005,8.3,/in/tv-show/prison-break,Hotstar
The Wire,2002,9.3,/in/tv-show/the-wire,Jio Cinema
Talk to Me,2023,7.1,/in/movie/talk-to-me-2022,"Amazon Prime Video, Google Play Movies, Google Play Movies"
Person of Interest,2011,8.5,/in/tv-show/person-of-interest,
Vikings,2013,8.5,/in/tv-show/vikings,Netflix
The Good Doctor,2017,8.0,/in/tv-show/the-good-doctor,Netflix
Normal People,2020,8.4,/in/tv-show/normal-people,Lionsgate Play
Leo,2023,7.2,/in/movie/leo-2023,Netflix
Merry Christmas,2024,7.8,/in/movie/merry-christmas-2024,
Westworld,2016,8.5,/in/tv-show/westworld,Jio Cinema
Lost,2004,8.3,/in/tv-show/lost,
Primal,2019,8.7,/in/tv-show/primal,
Ayalaan,2024,6.3,/in/movie/ayalaan,"Sun Nxt, Bookmyshow"
Shark Tank,2009,7.7,/in/tv-show/shark-tank,Jio Cinema
Mahabharatham,2013,9.0,/in/tv-show/mahabharatham,Hotstar
Yellowjackets,2021,7.8,/in/tv-show/yellowjackets,Jio Cinema
Sengoku Youko,2024,7.7,/in/tv-show/sengoku-youko,Netflix
Garmi,2023,7.5,/in/tv-show/garmi,Sony Liv
Nurse Jackie,2009,7.8,/in/tv-show/nurse-jackie,Voot
Bigg Boss OTT,2021,2.0,/in/tv-show/bigg-boss-ott,Jio Cinema
Welcome to Samdal-ri,2023,,/in/tv-show/welcome-to-samdal-ri,Netflix
Mangalavaaram,2023,6.7,/in/movie/mangalavaram,"Hotstar, Bookmyshow"
Mad Men,2007,8.7,/in/tv-show/mad-men,Lionsgate Play
Criminal Justice,2019,8.1,/in/tv-show/criminal-justice-2019,Hotstar
The Family Plan,2023,6.3,/in/movie/the-family-plan,Apple TV Plus
Gotham,2014,7.8,/in/tv-show/gotham,
Band of Brothers,2001,9.4,/in/tv-show/band-of-brothers,
Hello Mini,2019,,/in/tv-show/hello-mini,MX Player
The 100,2014,7.6,/in/tv-show/the-100,
Broken But Beautiful,2018,8.6,/in/tv-show/broken-but-beautiful,Alt Balaji
365 Days,2020,3.3,/in/movie/365-days,Netflix
Invincible,2021,8.7,/in/tv-show/invincible,Amazon Prime Video
Joe,2023,7.7,/in/movie/joe-2023,
Interstellar,2014,8.7,/in/movie/interstellar,"Netflix, Amazon Video, Apple TV"
Bhaukaal,2020,7.8,/in/tv-show/bhaukaal,MX Player
Tulsa King,2022,8.0,/in/tv-show/tulsa-king,Jio Cinema
Harry Potter and the Philosopher's Stone,2001,7.6,/in/movie/harry-potter-and-the-philosophers-stone,"Jio Cinema, Amazon Video, Apple TV"
Slow Horses,2022,8.1,/in/tv-show/slow-horses,Apple TV Plus
Grey's Anatomy,2005,7.6,/in/tv-show/greys-anatomy,Hotstar
Snowfall,2017,8.3,/in/tv-show/snowfall,Hotstar
The Trust: A Game of Greed,2024,6.2,/in/tv-show/the-trust-a-game-of-greed,Netflix
Ishura,2024,6.3,/in/tv-show/ishura,Hotstar
Sacred Games 2,2018,8.5,/in/tv-show/sacred-games,Netflix
Boy Swallows Universe,2024,8.1,/in/tv-show/boy-swallows-universe,Netflix
777 Charlie,2022,8.8,/in/movie/777-charlie,Voot
Crash Course,2022,7.3,/in/tv-show/crash-course,Amazon Prime Video
Napoleon,2023,6.4,/in/movie/napoleon-2023,"Apple TV, Apple TV"
Fear the Walking Dead,2015,6.8,/in/tv-show/fear-the-walking-dead,Amazon Prime Video
Pindam,2023,8.1,/in/movie/pindam,Amazon Prime Video
ImMATURE,2019,8.6,/in/tv-show/im-mature,Amazon Prime Video
Mad Max: Fury Road,2015,8.1,/in/movie/mad-max-fury-road,"Amazon Prime Video, Google Play Movies, Apple TV"
Campus Beats,2023,7.1,/in/tv-show/campus-beats,Amazon miniTV
Elite,2018,7.2,/in/tv-show/elite,Netflix
Vinland Saga,2019,8.8,/in/tv-show/vinland-saga,Netflix
Pokémon,1997,,/in/tv-show/pokemon,Jio Cinema
Wonka,2023,7.1,/in/movie/wonka,"Bookmyshow, Apple TV, Apple TV"
Role Play,2024,5.4,/in/movie/role-play-2023,Amazon Prime Video
Ek Mahanayak - Dr B R Ambedkar,2019,7.5,/in/tv-show/ek-mahanayak-dr-b-r-ambedkar,Zee5
Line of Duty,2012,8.7,/in/tv-show/line-of-duty,AMC Plus Apple TV Channel 
Silo,2023,8.1,/in/tv-show/silo,Apple TV Plus
Rocky Aur Rani Kii Prem Kahaani,2023,6.6,/in/movie/rocky-aur-rani-ki-prem-kahani,"Amazon Prime Video, Amazon Video"
Severance,2022,8.7,/in/tv-show/severance,Apple TV Plus
Avatar: The Last Airbender,2005,9.3,/in/tv-show/avatar-the-last-airbender-2005,
Dada,2023,8.2,/in/movie/dada-2023,Amazon Prime Video
Trigger Point,2022,6.5,/in/tv-show/trigger-point,
Chithha,2023,8.3,/in/movie/chittha,Hotstar
The Originals,2013,8.3,/in/tv-show/the-originals,Amazon Prime Video
Family Guy,1999,8.2,/in/tv-show/family-guy,Hotstar
Jigarthanda Double X,2023,8.1,/in/movie/jigarthanda-doublex,Netflix
Ragini MMS Returns,2017,4.1,/in/tv-show/ragini-mms-returns,Alt Balaji
The Married Woman,2021,6.5,/in/tv-show/the-married-woman,
Hijack,2023,7.4,/in/tv-show/hijack,Apple TV Plus
Extra Ordinary Man,2023,5.1,/in/movie/extra,
Kaisi Yeh Yaariyan,2014,8.0,/in/tv-show/kaisi-yeh-yaariaan,Jio Cinema
Kho Gaye Hum Kahan,2023,7.6,/in/movie/kho-gaye-hum-kahan,Netflix
For All Mankind,2019,8.1,/in/tv-show/for-all-mankind,Apple TV Plus
The Mandalorian,2019,8.7,/in/tv-show/the-mandalorian,Hotstar
Blue Beetle,2023,6.0,/in/movie/blue-beetle,"Jio Cinema, Amazon Video, Apple TV"
Chicago P.D.,2014,8.1,/in/tv-show/chicago-p-d,Jio Cinema
Atlanta,2016,8.6,/in/tv-show/atlanta,
Jab Mila Tu,2024,8.8,/in/tv-show/jab-mila-tu,Jio Cinema
Billions,2016,8.3,/in/tv-show/billions,Hotstar
A Murder at the End of the World,2023,7.1,/in/tv-show/a-murder-at-the-end-of-the-world,Hotstar
Zara Hatke Zara Bachke,2023,6.4,/in/movie/zara-hatke-zara-bach-ke,
The Great,2020,8.2,/in/tv-show/the-great,Amazon Prime Video
The Night Agent,2023,7.5,/in/tv-show/the-night-agent,Netflix
Marvel's Agents of S.H.I.E.L.D.,2013,7.5,/in/tv-show/marvels-agents-of-s-h-i-e-l-d,
Three of Us,2023,7.6,/in/movie/three-of-us,Netflix
Antony,2023,6.7,/in/movie/antony-2023,Amazon Prime Video
Mayor of Kingstown,2021,8.2,/in/tv-show/mayor-of-kingstown,Amazon Prime Video
MINDHUNTER,2017,8.6,/in/tv-show/mindhunter,Netflix
Paatal Lok,2020,8.1,/in/tv-show/paatal-lok,Amazon Prime Video
Squid Game,2021,8.0,/in/tv-show/squid-game,Netflix
The Holdovers,2023,8.0,/in/movie/the-holdovers,
The Wolf of Wall Street,2013,8.2,/in/movie/the-wolf-of-wall-street,"Lionsgate Play, Google Play Movies, Google Play Movies"
Hidden Love,2023,,/in/tv-show/hidden-love,Netflix
Badland Hunters,2024,6.0,/in/movie/badland-hunters,Netflix
Fellow Travelers,2023,8.1,/in/tv-show/fellow-travelers,
Dune,2021,8.0,/in/movie/dune-2021,"Amazon Video, Apple TV"
Arrested Development,2003,8.7,/in/tv-show/arrested-development,Hotstar
Aashiqana,2022,5.2,/in/tv-show/aashiqana,Hotstar
Two and a Half Men,2003,7.1,/in/tv-show/two-and-a-half-men,Amazon Prime Video
Tom Clancy's Jack Ryan,2018,8.0,/in/tv-show/tom-clancys-jack-ryan,Amazon Prime Video
A Teacher,2020,6.9,/in/tv-show/a-teacher,Hotstar
1923,2022,8.3,/in/tv-show/1923,Jio Cinema
Starfish,2023,6.0,/in/movie/starfish-2023,Netflix
Dumb Money,2023,6.9,/in/movie/dumb-money,"Netflix, Amazon Video, Apple TV"
Captains of the World,2023,8.4,/in/tv-show/captains-of-the-world,Netflix
Marvel's Iron Fist,2017,6.4,/in/tv-show/marvels-iron-fist,Hotstar
Arthdal Chronicles,2019,8.3,/in/tv-show/arthdal-chronicles,Netflix
The Messiah,2023,8.0,/in/tv-show/la-mesias,
The Crown,2016,8.6,/in/tv-show/the-crown,Netflix
Inception,2010,8.8,/in/movie/inception,"Netflix, Amazon Video, Apple TV"
Hostel Daze,2019,8.5,/in/tv-show/hostel-daze,Amazon Prime Video
Goblin,2016,8.6,/in/tv-show/goblin,Netflix
Saint Seiya: Knights of the Zodiac,1986,8.5,/in/tv-show/saint-seiya-knights-of-the-zodiac,
The Leftovers,2014,8.3,/in/tv-show/the-leftovers,Jio Cinema
Baki,2018,6.8,/in/tv-show/baki,Netflix
Narcos,2015,8.8,/in/tv-show/narcos,Netflix
Atharva,2023,7.3,/in/movie/atharva,Amazon Prime Video
La Brea,2021,5.8,/in/tv-show/la-brea,Jio Cinema
Guns & Gulaabs,2023,7.7,/in/tv-show/guns-and-gulaabs,Netflix
Alice in Borderland,2020,7.7,/in/tv-show/alice-in-borderland,Netflix
Bhabiji Ghar Par Hai!,2015,8.7,/in/tv-show/bhabi-ji-ghar-par-hain,Zee5
Inspector Avinash,2023,7.8,/in/tv-show/inspector-avinash,Jio Cinema
The Real Story of...,2016,8.5,/in/tv-show/the-real-story-of,Amazon Prime Video
Malcolm in the Middle,2000,8.2,/in/tv-show/malcolm-in-the-middle,Hotstar
Tatlubaaz,2023,5.9,/in/tv-show/tatlubaaz,EPIC ON
The Batman,2022,7.8,/in/movie/the-batman,"Netflix, Amazon Video, Google Play Movies"
Full House,1987,6.8,/in/tv-show/full-house,
Kota Factory,2019,9.0,/in/tv-show/kota-factory,Netflix
XXX: Uncensored,2018,4.8,/in/tv-show/x-x-x-uncensored,Alt Balaji
His Dark Materials,2019,7.8,/in/tv-show/his-dark-materials,Jio Cinema
The Expanse,2015,8.5,/in/tv-show/the-expanse,Amazon Prime Video
Rome,2005,8.7,/in/tv-show/rome,Jio Cinema
Yaariyan 2,2023,6.1,/in/movie/yaariyan-2,
Silicon Valley,2014,8.5,/in/tv-show/silicon-valley,Jio Cinema
The Sandman,2022,7.7,/in/tv-show/the-sandman,Netflix
Uri: The Surgical Strike,2019,8.2,/in/movie/uri-the-surgical-strike,Zee5
Fleabag,2016,8.7,/in/tv-show/fleabag,Amazon Prime Video
Spy x Family,2022,8.4,/in/tv-show/spy-x-family,Netflix
Boruto: Naruto Next Generations,2017,6.5,/in/tv-show/boruto-naruto-next-generations,Netflix
The Twelve,2019,7.4,/in/tv-show/the-twelve,Netflix
Annapoorani,2023,3.7,/in/movie/annapoorani,
Sultan of Delhi,2023,5.9,/in/tv-show/sultan-of-delhi,Hotstar
Single's Inferno,2021,7.2,/in/tv-show/singles-inferno,Netflix
The Envoys,2021,7.1,/in/tv-show/the-envoys,
Captivating the King,2024,,/in/tv-show/captivating-the-king,Netflix
Aquaman,2018,6.8,/in/movie/aquaman,"Netflix, Amazon Video, Apple TV"
The Creator,2023,6.8,/in/movie/the-creator,"Apple TV, Apple TV"
Lawrence of Arabia,1962,8.3,/in/movie/lawrence-of-arabia,"Netflix, Amazon Video, Apple TV"
Humorously Yours,2016,8.5,/in/tv-show/humorously-yours,Zee5
Matsya Kaand,2021,8.8,/in/tv-show/matsya-kaand,MX Player
Shoorveer,2022,7.1,/in/tv-show/shoorveer,Hotstar
Uttaran,2008,4.4,/in/tv-show/uttaran,Voot
My Girlfriend is an Alien,2019,8.3,/in/tv-show/my-girlfriend-is-an-alien,MX Player
Ben 10,2005,7.5,/in/tv-show/ben-10,Netflix
Puncch Beat,2019,6.3,/in/tv-show/puncch-beat,Alt Balaji
Regular Show,2010,8.5,/in/tv-show/regular-show,Netflix
She,2020,6.4,/in/tv-show/she,Netflix
Khakee: The Bihar Chapter,2022,8.2,/in/tv-show/khakee-the-bihar-chapter,Netflix
From,2022,7.8,/in/tv-show/from,
Tokyo Revengers,2021,7.9,/in/tv-show/tokyo-revengers,Netflix
The Girlfriend Experience,2016,7.0,/in/tv-show/the-girlfriend-experience,Lionsgate Play
The Continental: From the World of John Wick,2023,7.2,/in/tv-show/the-continental,Amazon Prime Video
Lessons in Chemistry,2023,8.3,/in/tv-show/lessons-in-chemistry,Apple TV Plus
Gadar 2,2023,5.2,/in/movie/gadar-2,"Zee5, Amazon Video"
Marvel's The Punisher,2017,8.5,/in/tv-show/marvels-the-punisher,Hotstar
Law & Order: Special Victims Unit,1999,8.1,/in/tv-show/law-and-order-special-victims-unit,Jio Cinema
Human,2022,7.8,/in/tv-show/human,Hotstar
Classroom of the Elite,2017,7.7,/in/tv-show/classroom-of-the-elite,Crunchyroll
Killing Eve,2018,8.1,/in/tv-show/killing-eve,Lionsgate Play
Dr. Arora,2022,7.1,/in/tv-show/dr-arora,Sony Liv
NCIS,2003,7.8,/in/tv-show/ncis,Amazon Prime Video
Barry,2018,8.4,/in/tv-show/barry,Jio Cinema
Tadap,2019,5.8,/in/tv-show/tadap,Jio Cinema
The World of the Married,2020,8.0,/in/tv-show/the-world-of-the-married,Netflix
Godzilla Minus One,2023,8.3,/in/movie/godzilla-minus-one,
Jhalak Dikhhla Jaa,2006,5.6,/in/tv-show/jhalak-dikhhla-jaa,Jio Cinema
It's Okay to Not Be Okay,2020,8.6,/in/tv-show/its-okay-to-not-be-okay,Netflix
The Diplomat,2023,6.8,/in/tv-show/the-diplomat-2023,
Wolf Like Me,2022,7.3,/in/tv-show/wolf-like-me,Amazon Prime Video
Mr. Robot,2015,8.5,/in/tv-show/mr-robot,Amazon Prime Video
Pati Patni Aur Panga,2020,6.2,/in/tv-show/pati-patni-aur-panga,MX Player
Toby,2023,7.3,/in/movie/toby,Sony Liv
Hannibal,2013,8.5,/in/tv-show/hannibal,
Batman: The Animated Series,1992,9.0,/in/tv-show/batman-the-animated-series,Netflix
Seinfeld,1989,8.9,/in/tv-show/seinfeld,Netflix
The End of the F***ing World,2017,8.0,/in/tv-show/the-end-of-the-ing-world,Netflix
Tu Zakhm Hai,2022,7.0,/in/tv-show/tu-zakhm-hai,MX Player
Fargo,1996,8.1,/in/movie/fargo,"Amazon Prime Video, Amazon Video, Apple TV"
The Simpsons,1989,8.7,/in/tv-show/the-simpsons,Hotstar
The Bequeathed,2024,6.4,/in/tv-show/the-bequeathed,Netflix
The Apothecary Diaries,2023,8.6,/in/tv-show/the-apothecary-diaries,Crunchyroll
Wallander,2008,7.8,/in/tv-show/wallander,
Andhadhun,2018,8.2,/in/movie/andhadhun,"Jio Cinema, Google Play Movies, Google Play Movies"
S.W.A.T.,2017,7.2,/in/tv-show/s-w-a-t-2017,Sony Liv
9-1-1,2018,7.9,/in/tv-show/9-1-1,Hotstar
Supernatural,2005,8.4,/in/tv-show/supernatural,Amazon Prime Video
Extraordinary,2023,7.7,/in/tv-show/extraordinary,Hotstar
The Fall of the House of Usher,2023,7.9,/in/tv-show/the-fall-of-the-house-of-usher,Netflix
Rain Man,1988,8.0,/in/movie/rain-man,"Amazon Prime Video, Amazon Video, Apple TV"
The West Wing,1999,8.9,/in/tv-show/the-west-wing,
Sex and the City,1998,7.3,/in/tv-show/sex-and-the-city,Jio Cinema
Joker,2019,8.4,/in/movie/joker-2019,"Amazon Prime Video, Amazon Video, Apple TV"
DD Returns,2023,6.2,/in/movie/dd-returns,Amazon Prime Video
The Kid Who Would Be King,2019,6.1,/in/movie/the-kid-who-would-be-king,"Hotstar, Amazon Video"
The Mentalist,2008,8.2,/in/tv-show/the-mentalist,Amazon Prime Video
Never Have I Ever,2020,7.9,/in/tv-show/never-have-i-ever,Netflix
Doctor Who,2005,8.6,/in/tv-show/doctor-who,
The Passenger,2023,6.4,/in/movie/the-passenger-2023,Amazon Prime Video
Bodies,2023,7.3,/in/tv-show/bodies,Netflix
My Man Is Cupid,2023,7.3,/in/tv-show/my-man-is-cupid,Amazon Prime Video
Kannagi,2023,7.1,/in/movie/kannagi,Amazon Prime Video
The Idol,2023,4.4,/in/tv-show/the-idol,Jio Cinema
Hustlers,2024,8.2,/in/tv-show/hustlers,Amazon miniTV
Delhi Crime,2019,8.5,/in/tv-show/delhi-crime,Netflix
Masters of the Universe: Revolution,2024,7.6,/in/tv-show/masters-of-the-universe-revolution,Netflix
Ben 10: Alien Force,2008,7.4,/in/tv-show/ben-10-alien-force,
Blade Runner 2049,2017,8.0,/in/movie/blade-runner-2049,"Netflix, Amazon Video, Apple TV"
Rangbaaz,2018,7.8,/in/tv-show/rangbaaz,VI movies and tv
Bridgerton,2020,7.4,/in/tv-show/bridgerton,Netflix
Orion and the Dark,2024,6.4,/in/movie/orion-and-the-dark,Netflix
The Flash,2023,6.7,/in/movie/the-flash,"Jio Cinema, Amazon Video, Apple TV"
Spider-Man: Across the Spider-Verse,2023,8.6,/in/movie/spider-man-into-the-spider-verse-2,"Netflix, Zee5, Apple TV"
Brooklyn Nine-Nine,2013,8.4,/in/tv-show/brooklyn-nine-nine,Netflix
The Man Who Fell to Earth,2022,7.3,/in/tv-show/the-man-who-fell-to-earth,Voot
Sweet Home,2020,7.3,/in/tv-show/sweet-home,Netflix
White Collar,2009,8.2,/in/tv-show/white-collar,Hotstar
Abhay,2019,8.0,/in/tv-show/abhay,Zee5
Yu Yu Hakusho,2023,7.2,/in/tv-show/yu-yu-hakusho-2023,Netflix
Manifest,2018,7.1,/in/tv-show/manifest,Netflix
Fast X,2023,5.8,/in/movie/fast-x,"Jio Cinema, Zee5, Apple TV"
Blue Mountain State,2010,8.3,/in/tv-show/blue-mountain-state,Lionsgate Play
The Dark Knight,2008,9.0,/in/movie/the-dark-knight,"Netflix, Amazon Video, Apple TV"
Fuh Se Fantasy,2019,,/in/tv-show/fuh-se-fantasy,Jio Cinema
Tejas,2023,4.9,/in/movie/tejas,
The Zone of Interest,2023,7.9,/in/movie/the-zone-of-interest,
New Girl,2011,7.8,/in/tv-show/new-girl,Hotstar
Banshee,2013,8.4,/in/tv-show/banshee,Jio Cinema
Dharavi Bank,2022,7.7,/in/tv-show/dharavi-bank,MX Player
The Umbrella Academy,2019,7.9,/in/tv-show/the-umbrella-academy,Netflix
It's Always Sunny in Philadelphia,2005,8.8,/in/tv-show/its-always-sunny-in-philadelphia,Hotstar
Bleach,2004,8.2,/in/tv-show/bleach,Netflix
Obsession,2023,5.2,/in/tv-show/obsession,Netflix
The Chosen,2019,9.2,/in/tv-show/the-chosen,Netflix
Twin Peaks,1990,8.8,/in/tv-show/twin-peaks,
Fringe,2008,8.4,/in/tv-show/fringe,
Inglourious Basterds,2009,8.4,/in/movie/inglourious-basterds,"Amazon Prime Video, Amazon Video"
See,2019,7.6,/in/tv-show/see,Apple TV Plus
Chamak,2023,9.1,/in/tv-show/chamak,Sony Liv
Top Gun: Maverick,2022,8.3,/in/movie/top-gun-maverick,"Netflix, Amazon Video, Google Play Movies"
Indian Idol,2004,5.1,/in/tv-show/indian-idol,Sony Liv
Ganapath,2023,3.4,/in/movie/ganapath,
The Boss,2022,8.0,/in/tv-show/el-encargado,
Blood Diamond,2006,8.0,/in/movie/blood-diamond,"Amazon Prime Video, Apple TV, Apple TV"
96,2018,8.5,/in/movie/96,"Sony Liv, Google Play Movies, Google Play Movies"
The Last Man on Earth,2015,7.4,/in/tv-show/the-last-man-on-earth,
The Looney Tunes Show,2011,7.7,/in/tv-show/the-looney-tunes-show,Netflix
Castle,2009,8.1,/in/tv-show/castle,
Pathaan,2023,5.9,/in/movie/pathaan,"Amazon Prime Video, Amazon Video, Apple TV"
American Horror Story,2011,8.0,/in/tv-show/american-horror-story,Hotstar
Jubilee,2023,8.3,/in/tv-show/jubilee,Amazon Prime Video
Foundation,2021,7.6,/in/tv-show/foundation,Apple TV Plus
Main Atal Hoon,2024,7.4,/in/movie/main-atal-hoon,Bookmyshow
American Crime Story,2016,8.4,/in/tv-show/american-crime-story,Hotstar
Bicchoo Ka Khel,2020,7.0,/in/tv-show/bicchoo-ka-khel,Alt Balaji
Lock Upp,2022,3.6,/in/tv-show/lock-upp,Alt Balaji
Jerry & Marge Go Large,2022,6.9,/in/movie/jerry-and-marge-go-large,
MTV Roadies,2003,4.4,/in/tv-show/mtv-roadies,Jio Cinema
Impractical Jokers,2011,8.6,/in/tv-show/impractical-jokers,Discovery+
Sons of Anarchy,2008,8.6,/in/tv-show/sons-of-anarchy,
Ala Vaikunthapurramuloo,2020,7.3,/in/movie/ala-vaikunthapurramuloo,Netflix
Watchmen,2019,8.2,/in/tv-show/watchmen,Jio Cinema
The Nun II,2023,5.6,/in/movie/the-nun-ii,"Jio Cinema, Amazon Video, Apple TV"
Pushpa: The Rise - Part 1,2021,7.6,/in/movie/pushpa,"Amazon Prime Video, Amazon Video"
Scooby-Doo! Mystery Incorporated,2010,8.1,/in/tv-show/scooby-doo-mystery-incorporated,Netflix
Sky Rojo,2021,6.6,/in/tv-show/sky-rojo,Netflix
Batman Begins,2005,8.2,/in/movie/batman-begins,"Netflix, Amazon Video, Apple TV"
Rockstar,2011,7.7,/in/movie/rockstar,"Jio Cinema, Google Play Movies, Apple TV"
Warning 2,2024,7.7,/in/movie/warning-2,
All the Light We Cannot See,2023,7.5,/in/tv-show/all-the-light-we-cannot-see,Netflix
Menaka,2019,7.8,/in/tv-show/menaka,Amazon Prime Video
Ozark,2017,8.5,/in/tv-show/ozark,Netflix
Black Bird,2022,8.1,/in/tv-show/black-bird,Apple TV Plus
Veep,2012,8.4,/in/tv-show/veep,Jio Cinema
Agent,2023,4.2,/in/movie/agent,
Tumbbad,2018,8.2,/in/movie/tumbbad,
Por Thozhil,2023,8.0,/in/movie/por-thozhil,Sony Liv
Criminal Minds,2005,8.1,/in/tv-show/criminal-minds,
Coach Prime,2022,6.6,/in/tv-show/coach-prime,Amazon Prime Video
Frieren: Beyond Journey's End,2023,9.0,/in/tv-show/frieren-beyond-journeys-end,Crunchyroll
That '70s Show,1998,8.1,/in/tv-show/that-70s-show,
The Daily Life of the Immortal King,2020,7.2,/in/tv-show/the-daily-life-of-the-immortal-king,Crunchyroll
Bade Achhe Lagte Hain,2011,5.5,/in/tv-show/bade-achhe-lagte-hain,Sony Liv
2 Broke Girls,2011,6.6,/in/tv-show/2-broke-girls,Amazon Prime Video
Anupamaa,2020,4.0,/in/tv-show/anupamaa,Hotstar
Undead Unluck,2023,7.5,/in/tv-show/undead-unluck,Hotstar
Ancient Aliens,2009,7.1,/in/tv-show/ancient-aliens,Discovery+
Spider-Man: No Way Home,2021,8.2,/in/movie/spider-man-no-way-home,"Sony Liv, Zee5, Apple TV"
Criminal Justice,2008,7.7,/in/tv-show/criminal-justice,
"Kavya - Ek Jazbaa, Ek Junoon",2023,7.9,/in/tv-show/kavya-ek-jazbaa-ek-junoon,Sony Liv
Manchester by the Sea,2016,7.8,/in/movie/manchester-by-the-sea,"Amazon Prime Video, Amazon Video, Apple TV"
Oldboy,2003,8.3,/in/movie/oldboy-2003,Amazon Prime Video
American Fiction,2023,7.7,/in/movie/untitled-cord-jefferson-film,
24,2001,8.4,/in/tv-show/24,Hotstar
SEAL Team,2017,7.8,/in/tv-show/seal-team,Amazon Prime Video
Saptha Sagaradaache Ello - Side A,2023,8.3,/in/movie/saptha-sagaradaache-ello,"Amazon Prime Video, Amazon Video"
Teen Wolf,2011,7.7,/in/tv-show/teen-wolf,
Dunkirk,2017,7.8,/in/movie/dunkirk,"Amazon Prime Video, Google Play Movies, Apple TV"
Loudermilk,2017,7.9,/in/tv-show/loudermilk,Sony Liv
Chainsaw Man,2022,8.4,/in/tv-show/chainsaw-man,Netflix
K.G.F: Chapter 1,2018,8.2,/in/movie/k-g-f-chapter-1,Hotstar
The Shield,2002,8.7,/in/tv-show/the-shield,Amazon Prime Video
Special OPS,2020,8.6,/in/tv-show/special-ops,Hotstar
Dance Plus,2015,7.9,/in/tv-show/dance-plus,Hotstar
Why Women Kill,2019,8.3,/in/tv-show/why-women-kill,Voot
Lupin,2021,7.5,/in/tv-show/lupin,Netflix
K.G.F: Chapter 2,2022,8.3,/in/movie/k-g-f-chapter-2,"Amazon Prime Video, Amazon Video"
The Shawshank Redemption,1994,9.3,/in/movie/the-shawshank-redemption,"Amazon Video, Apple TV"
Star Trek: Prodigy,2021,7.5,/in/tv-show/star-trek-prodigy,Netflix
James May: Our Man In...,2020,8.3,/in/tv-show/james-may-our-man-in-japan,Amazon Prime Video
Into the Dark,2018,6.3,/in/tv-show/into-the-dark,
Devon Ke Dev...Mahadev,2011,9.3,/in/tv-show/devon-ke-dev-mhaadev,Hotstar
Groundhog Day,1993,8.0,/in/movie/groundhog-day,"Sony Liv, Apple TV, Apple TV"
As the Crow Flies,2022,6.4,/in/tv-show/as-the-crow-flies,Netflix
Arcane,2021,9.0,/in/tv-show/arcane,Netflix
Chacha Chaudhary,2019,8.3,/in/tv-show/chacha-chaudhary,Hotstar
Outlander,2014,8.4,/in/tv-show/outlander,Netflix
Jeet Ki Zid,2021,8.3,/in/tv-show/jeet-ki-zid,VI movies and tv
Rocket Boys,2022,8.9,/in/tv-show/rocket-boys-2022,Sony Liv
The Legend of the Blue Sea,2016,8.1,/in/tv-show/the-legend-of-the-blue-sea,Netflix
#MayaLo,2023,8.0,/in/movie/mayalo,Amazon Prime Video
Odavum Mudiyadhu Oliyavum Mudiyadhu,2024,5.7,/in/movie/odavum-mudiyadhu-oliyavum-mudiyadhu,Amazon Prime Video
Cristóbal Balenciaga,2024,7.7,/in/tv-show/cristobal-balenciaga,Hotstar
Miya Biwi Aur Murder,2022,6.2,/in/tv-show/miya-biwi-aur-murder,MX Player
Will,2023,7.1,/in/movie/wil,Netflix
Fifty Shades of Grey,2015,4.2,/in/movie/fifty-shades-of-grey,Netflix
The Summer I Turned Pretty,2022,7.3,/in/tv-show/the-summer-i-turned-pretty,Amazon Prime Video
3 Idiots,2009,8.4,/in/movie/3-idiots,"Amazon Prime Video, Google Play Movies, Apple TV"
Permanent Roommates,2014,8.6,/in/tv-show/permanent-roommates,Zee5
Community,2009,8.5,/in/tv-show/community,Netflix
Sunflower,2021,7.3,/in/tv-show/sunflower-2021,VI movies and tv
The Man from Earth,2007,7.8,/in/movie/the-man-from-earth,"Tubi TV, MovieSaints"
American Nightmare,2024,7.5,/in/tv-show/american-nightmare-2024,Netflix
After,2019,5.3,/in/movie/after,"Amazon Prime Video, Google Play Movies, Google Play Movies"
Chicago Med,2015,7.6,/in/tv-show/chicago-med,Amazon Prime Video
Mathimaran,2023,6.7,/in/movie/mathimaran,Amazon Prime Video
Bates Motel,2013,8.1,/in/tv-show/bates-motel,Jio Cinema
9-1-1: Lone Star,2020,7.3,/in/tv-show/9-1-1-lone-star,Hotstar
Delicious in Dungeon,2024,7.4,/in/tv-show/delicious-in-dungeon,Netflix
Descendants of the Sun,2016,8.2,/in/tv-show/descendants-of-the-sun,Netflix
Rick and Morty,2013,9.1,/in/tv-show/rick-and-morty,Netflix
Vincenzo,2021,8.4,/in/tv-show/vincenzo,Netflix
No Hard Feelings,2023,6.4,/in/movie/no-hard-feelings-2023,"Netflix, Zee5, Apple TV"
Six Feet Under,2001,8.7,/in/tv-show/six-feet-under,Jio Cinema
Scrubs,2001,8.4,/in/tv-show/scrubs,
Ace Ventura: Pet Detective,1994,6.9,/in/movie/ace-ventura-pet-detective,"Netflix, Amazon Video, Google Play Movies"
Duranga,2022,7.5,/in/tv-show/duranga,VI movies and tv
2018,2023,8.4,/in/movie/2018-2023,Sony Liv
Dragon Ball,1986,8.5,/in/tv-show/dragon-ball,
1883,2021,8.7,/in/tv-show/1883,Amazon Prime Video
Ghoomer,2023,7.7,/in/movie/ghoomer,Zee5
Dragon Ball Z,1989,8.8,/in/tv-show/dragon-ball-z,
Money Heist (Korean Remake),2022,5.7,/in/tv-show/money-heist-korean-remake,Netflix
Dexter,2006,8.7,/in/tv-show/dexter,Amazon Prime Video
The Marvelous Mrs. Maisel,2017,8.7,/in/tv-show/the-marvelous-mrs-maisel,Amazon Prime Video
BEKAABOO,2019,6.1,/in/tv-show/bekaaboo,Alt Balaji
Baby Bandito,2024,6.2,/in/tv-show/baby-bandito,Netflix
Abbott Elementary,2021,8.2,/in/tv-show/abbott-elementary,Hotstar
OMG 2,2023,7.6,/in/movie/omg-2,Netflix
Tiger Nageswara Rao,2023,6.2,/in/movie/tiger-nageswara-rao,"Amazon Prime Video, Amazon Video"
Encounter,2018,7.6,/in/tv-show/encounter,Netflix
Crimes Aaj Kal,2023,8.7,/in/tv-show/crimes-aaj-kal,Amazon miniTV
After Everything,2023,4.6,/in/movie/after-everything-2023,Netflix
The Last Kingdom,2015,8.5,/in/tv-show/the-last-kingdom,Netflix
"Bring It On, Ghost",2016,7.6,/in/tv-show/bring-it-on-ghost,MX Player
NASCAR: Full Speed,2024,7.6,/in/tv-show/nascar-full-speed,Netflix
The Peripheral,2022,7.6,/in/tv-show/the-peripheral,Amazon Prime Video
Kingdom,2012,8.6,/in/tv-show/kingdom-2012,Crunchyroll
Meg 2: The Trench,2023,5.0,/in/movie/the-meg-2-the-trench,"Jio Cinema, Amazon Video, Apple TV"
Only Murders in the Building,2021,8.1,/in/tv-show/only-murders-in-the-building,Hotstar
Homeland,2011,8.3,/in/tv-show/homeland,Hotstar
Bambai Meri Jaan,2023,7.4,/in/tv-show/bambai-meri-jaan,Amazon Prime Video
Mr Inbetween,2018,8.6,/in/tv-show/mr-inbetween,Hotstar
Dahaad,2023,7.6,/in/tv-show/roar-2023,Amazon Prime Video
Curry & Cyanide: The Jolly Joseph Case,2023,,/in/movie/curry-and-cyanide-the-jolly-joseph-case,Netflix
Trunk: Locked In,2023,5.4,/in/movie/trunk-locked-in,Amazon Prime Video
Justified,2010,8.6,/in/tv-show/justified,Amazon Prime Video
Kundali Bhagya,2017,2.1,/in/tv-show/kundali-bhagya,Zee5
The Twilight Zone,2019,6.0,/in/tv-show/the-twilight-zone-2019,Voot
The Trial,2023,7.9,/in/movie/the-trial-2023,Amazon Prime Video
The Man in the High Castle,2015,8.0,/in/tv-show/the-man-in-the-high-castle,Amazon Prime Video
Incendies,2010,8.3,/in/movie/incendies,
Ted,2012,6.9,/in/movie/ted,Jio Cinema
Shin Chan,1992,8.4,/in/tv-show/crayon-shin-chan,Hotstar
Dragon Ball Super,2015,8.3,/in/tv-show/dragon-ball-super,
Riverdale,2017,6.5,/in/tv-show/riverdale,Netflix
Shogun,2024,,/in/tv-show/shogun-2024,
The Chestnut Man,2021,7.7,/in/tv-show/the-chestnut-man,Netflix
Batti Gul Meter Chalu,2018,5.9,/in/movie/batti-gul-meter-chalu,Zee5
American Psycho,2000,7.6,/in/movie/american-psycho,"Lionsgate Play, Apple TV, Apple TV"
Alienoid,2022,6.2,/in/movie/oegye-in-1bu,Amazon Prime Video
Vyooham,2023,8.0,/in/tv-show/vyooham,Amazon Prime Video
Puncture,2011,6.8,/in/movie/puncture,Amazon Prime Video
Jailer,2023,7.1,/in/movie/jailer,"Amazon Prime Video, Amazon Video"
Special Ops: Lioness,2023,7.7,/in/tv-show/special-ops-lioness,
Half Love Half Arranged,2023,6.8,/in/tv-show/half-love-half-arranged,Amazon miniTV
Misery,1990,7.8,/in/movie/misery,"Amazon Prime Video, Amazon Video"
Californication,2007,8.3,/in/tv-show/californication,Amazon Prime Video
Yeh Meri Family,2018,9.0,/in/tv-show/yeh-meri-family,Amazon miniTV
Altered Carbon,2018,7.9,/in/tv-show/altered-carbon,Netflix
Vadhuvu,2023,7.2,/in/tv-show/vadhuvu,Hotstar
Kalifornia,1993,6.7,/in/movie/kalifornia,"Amazon Prime Video, Amazon Video, Apple TV"
Penance,2020,5.6,/in/tv-show/penance-2020,Amazon Prime Video
Ghosted,2023,5.8,/in/movie/ghosted,Apple TV Plus
Crash Landing on You,2019,,/in/tv-show/crash-landing-on-you,Netflix
Maestro,2023,6.6,/in/movie/maestro-2021-1,Netflix
Tenet,2020,7.3,/in/movie/tenet,"Netflix, Apple TV, Apple TV"
Bhakshak,2024,,/in/movie/bhakshak,Netflix
Mismatched,2020,5.9,/in/tv-show/mismatched,Netflix
Argylle,2024,6.0,/in/movie/argylle,Bookmyshow
Mean Girls,2024,6.2,/in/movie/mean-girls-2024,
Bodyguard,2018,8.1,/in/tv-show/bodyguard,Netflix
The Blacklist,2013,7.9,/in/tv-show/the-blacklist,Netflix
Kumkum Bhagya,2014,,/in/tv-show/kumkum-bhagya,Zee5
Upgraded,2024,6.2,/in/movie/upgraded,Amazon Prime Video
Indori Ishq,2021,6.9,/in/tv-show/indori-ishq,MX Player
"Saas, Bahu Aur Flamingo",2023,7.7,/in/tv-show/saas-bahu-aur-flamingo,Hotstar
The Village,2023,5.4,/in/tv-show/the-village,Amazon Prime Video
Raktanchal,2020,6.8,/in/tv-show/raktanchal,MX Player
The Night Manager,2016,8.0,/in/tv-show/the-night-manager,
Broadchurch,2013,8.4,/in/tv-show/broadchurch,
Made in Heaven,2019,8.2,/in/tv-show/made-in-heaven-2019,Amazon Prime Video
The Matrix,1999,8.7,/in/movie/the-matrix,"Netflix, Google Play Movies, Apple TV"
Pokémon Concierge,2023,7.5,/in/tv-show/pokemon-concierge,Netflix
The Artful Dodger,2023,8.0,/in/tv-show/the-artful-dodger,
The Americans,2013,8.4,/in/tv-show/the-americans,Hotstar
Love Is Blind: Sweden,2024,6.3,/in/tv-show/love-is-blind-sweden,Netflix
Taj: Divided by Blood,2023,6.9,/in/tv-show/taj-divided-by-blood,Zee5
Quantico,2015,6.7,/in/tv-show/quantico,
Saben aquell,2023,7.2,/in/movie/saben-aquell,
One Tree Hill,2003,7.8,/in/tv-show/one-tree-hill,
HeartBeat,2023,7.0,/in/tv-show/my-heart-is-beating,Amazon Prime Video
Fake Profile,2023,5.7,/in/tv-show/fake-profile,Netflix
Squid Game: The Challenge,2023,5.8,/in/tv-show/squid-game-the-challenge,Netflix
Shiddat,2021,7.6,/in/movie/shiddat-2021,Hotstar
Last Summer,2023,6.4,/in/movie/last-summer-2023,
Lost in Space,2018,7.3,/in/tv-show/lost-in-space,Netflix
Guy Ritchie's The Covenant,2023,7.5,/in/movie/guy-ritchies-the-covenant,Amazon Prime Video
Once Upon a Time,2011,7.7,/in/tv-show/once-upon-a-time,Hotstar
30 Rock,2006,8.3,/in/tv-show/30-rock,Jio Cinema
Black,2005,8.1,/in/movie/black,Netflix
"20,000 Species of Bees",2023,6.9,/in/movie/20-000-species-of-bees,
RuPaul's Drag Race,2009,8.5,/in/tv-show/rupauls-drag-race,WOW Presents Plus
The Morning Show,2019,8.2,/in/tv-show/the-morning-show,Apple TV Plus
Secret Invasion,2023,5.9,/in/tv-show/secret-invasion,
What's Wrong with Secretary Kim,2018,8.1,/in/tv-show/whats-wrong-with-secretary-kim,Netflix
Class of 2020,2020,,/in/tv-show/class-of-2020,
Ben 10: Ultimate Alien,2010,7.7,/in/tv-show/ben-10-ultimate-alien,
The Big Short,2015,7.8,/in/movie/the-big-short,"Amazon Prime Video, Amazon Video, Apple TV"
Love & Anarchy,2020,7.4,/in/tv-show/love-and-anarchy,Netflix
Sirf Ek Bandaa Kaafi Hai,2023,7.9,/in/movie/sirf-ek-bandaa-kaafi-hai,Zee5
BUCCHIGIRI?!,2024,,/in/tv-show/bucchigiri,Crunchyroll
Yeh Rishta Kya Kehlata Hai,2009,2.3,/in/tv-show/yeh-rishta-kya-kehlata-hai,
Gran Turismo,2023,7.2,/in/movie/gran-turismo,"Netflix, Amazon Video, Apple TV"
Shaadi Mein Zaroor Aana,2017,7.5,/in/movie/shaadi-mein-zaroor-aana,Zee5
Where the Crawdads Sing,2022,7.2,/in/movie/where-the-crawdads-sing,"Sony Liv, Amazon Video, Apple TV"
Sisu,2023,6.9,/in/movie/sisu-2023,"Amazon Video, Apple TV"
Monk,2002,8.1,/in/tv-show/monk,
Ferrari,2023,6.6,/in/movie/ferrari,
Fight Club,1999,8.8,/in/movie/fight-club,"MUBI, Amazon Video, Apple TV"
Everything Everywhere All at Once,2022,7.8,/in/movie/everything-everywhere-all-at-once,Sony Liv
RRR,2022,7.8,/in/movie/roudram-ranam-rudhiram,Netflix
Cosmos: A Spacetime Odyssey,2014,9.3,/in/tv-show/cosmos-a-spacetime-odyssey,Hotstar
12 Monkeys,2015,7.7,/in/tv-show/12-monkeys,
Falimy,2023,7.3,/in/movie/falimy,Hotstar
Temptation Island,2019,6.1,/in/tv-show/temptation-island,Jio Cinema
Kannur Squad,2023,7.7,/in/movie/kannur-squad,Hotstar
Chennai Express,2013,6.1,/in/movie/chennai-express,"Google Play Movies, Apple TV"
The Favourite,2018,7.5,/in/movie/the-favourite,"Netflix, Amazon Video"
John Wick: Chapter 4,2023,7.7,/in/movie/john-wick-chapter-4,"Lionsgate Play, Apple TV, Apple TV"
Like Flowers in Sand,2023,7.6,/in/tv-show/like-flowers-in-sand,Netflix
Ishqbaaaz,2016,6.5,/in/tv-show/ishqbaaaz,Hotstar
Masters of Sex,2013,7.9,/in/tv-show/masters-of-sex,
The Hunger Games: The Ballad of Songbirds & Snakes,2023,6.8,/in/movie/the-hunger-games-the-ballad-of-songbirds-and-snakes,"Bookmyshow, Apple TV"
Badi Heroine Banti Hai,2024,7.9,/in/tv-show/badi-heroine-banti-hai,Amazon miniTV
Warrior,2019,8.4,/in/tv-show/warrior-2019,Jio Cinema
Titanic,1997,7.9,/in/movie/titanic,"Hotstar, Google Play Movies, Apple TV"
New Amsterdam,2018,8.0,/in/tv-show/new-amsterdam,Jio Cinema
Jalapata,2023,8.7,/in/movie/jalapata,Amazon Prime Video
Aakhri Sach,2023,5.5,/in/tv-show/aakhri-sach,Hotstar
Wedding.con,2023,7.1,/in/tv-show/wedding-con,Amazon Prime Video
Dr. Romantic,2016,8.4,/in/tv-show/romantic-doctor-teacher-kim,Netflix
Miracle Doctor,2019,7.1,/in/tv-show/miracle-doctor,
Half CA,2023,8.4,/in/tv-show/half-ca,Amazon miniTV
My Hero Academia,2016,8.0,/in/tv-show/my-hero-academia,Crunchyroll
My Life with the Walter Boys,2023,7.0,/in/tv-show/my-life-with-the-walter-boys,Netflix
Leave the World Behind,2023,6.5,/in/movie/leave-the-world-behind-2023,Netflix
Piku,2015,7.6,/in/movie/piku,"Sony Liv, Apple TV, Apple TV"
Dilwale Dulhania Le Jayenge,1995,8.0,/in/movie/dilwale-dulhania-le-jayenge,"Amazon Prime Video, Bookmyshow, Apple TV, Apple TV"
Vida,2018,7.4,/in/tv-show/vida,Lionsgate Play
Midsommar,2019,7.1,/in/movie/midsommar,"Lionsgate Play, Apple TV, Apple TV"
Close Your Eyes,2023,7.4,/in/movie/cerrar-los-ojos,
True Blood,2008,7.9,/in/tv-show/true-blood,Jio Cinema
Forbidden Love,2020,5.4,/in/tv-show/forbidden-love,VI movies and tv
Ek Duje Ke Vaaste,2016,7.5,/in/tv-show/ek-duje-ke-vaaste,Sony Liv
South Park,1997,8.7,/in/tv-show/south-park,
Bluey,2018,9.4,/in/tv-show/bluey,Hotstar
Taskmaster,2015,9.0,/in/tv-show/taskmaster,
Viduthalai: Part I,2023,8.3,/in/movie/viduthalai-part-1,Zee5
Whiskey Tango Foxtrot,2016,6.6,/in/movie/whiskey-tango-foxtrot,"Netflix, Amazon Video"
Strong Woman Do Bong Soon,2017,8.2,/in/tv-show/strong-woman-do-bong-soon,Netflix
Criminal Justice: Adhura Sach,2022,7.7,/in/tv-show/criminal-justice-adhura-sach,Hotstar
Meet Joe Black,1998,7.2,/in/movie/meet-joe-black,"Jio Cinema, Google Play Movies, Apple TV"
Ragnarok,2020,7.4,/in/tv-show/ragnarok,Netflix
Crushed,2014,9.1,/in/tv-show/crushed,Amazon miniTV
Horimiya,2021,8.1,/in/tv-show/horimiya,Crunchyroll
"Love, Death & Robots",2019,8.4,/in/tv-show/love-death-and-robots,Netflix
Rebel Moon: Part One - A Child of Fire,2023,5.6,/in/movie/rebel-moon,Netflix
Indiana Jones and the Dial of Destiny,2023,6.6,/in/movie/indiana-jones-5,"Hotstar, Apple TV, Apple TV"
Saba Nayagan,2023,7.1,/in/movie/saba-nayagan,
La La Land,2016,8.0,/in/movie/la-la-land,"Lionsgate Play, Apple TV, Apple TV"
Dexter: New Blood,2021,8.1,/in/tv-show/dexter-new-blood,Voot
Bitch and Rich,2023,,/in/tv-show/bitch-x-rich,Netflix
Guillermo del Toro's Cabinet of Curiosities,2022,7.0,/in/tv-show/guillermo-del-toros-cabinet-of-curiosities,Netflix
The Pacific,2010,8.3,/in/tv-show/the-pacific,
3 Body Problem,2024,,/in/tv-show/3-body-problem,
Siren,2018,7.0,/in/tv-show/siren,
Peacemaker,2022,8.5,/in/tv-show/peacemaker,
Dangal,2016,8.3,/in/movie/dangal,"Apple TV, Apple TV"
Monster,2023,7.9,/in/movie/monster-2023,
Schitt's Creek,2015,8.5,/in/tv-show/schitts-creek,Netflix
1899,2022,7.3,/in/tv-show/1899,Netflix
The Lord of the Rings: The Rings of Power,2022,7.0,/in/tv-show/the-lord-of-the-rings-the-rings-of-power,Amazon Prime Video
Marvel's Jessica Jones,2015,7.9,/in/tv-show/marvels-jessica-jones,Hotstar
The Orville,2017,8.0,/in/tv-show/the-orville,Hotstar
Carnival Row,2019,7.8,/in/tv-show/carnival-row,Amazon Prime Video
The Truman Show,1998,8.2,/in/movie/the-truman-show,"Amazon Prime Video, Amazon Video, Apple TV"
300,2007,7.6,/in/movie/300,"Netflix, Amazon Video, Apple TV"
Hiccups & Hookups,2021,8.1,/in/tv-show/hiccups-and-hookups,Amazon Prime Video
Burning Body,2023,6.7,/in/tv-show/el-cuerpo-en-llamas,Netflix
The Tudors,2007,8.1,/in/tv-show/the-tudors,Amazon Prime Video
Girls to Buy,2021,5.2,/in/movie/dziewczyny-z-dubaju,"Amazon Prime Video, Google Play Movies, Apple TV"
Fight For My Way,2017,8.1,/in/tv-show/fight-for-my-way,Netflix
TVF Tripling,2016,8.5,/in/tv-show/tvf-tripling,VI movies and tv
The Godfather,1972,9.2,/in/movie/the-godfather,"Amazon Prime Video, Amazon Video, Apple TV"
Sita Ramam,2022,8.6,/in/movie/sita-ramam,"Amazon Prime Video, Amazon Video"
Ramayan,2012,7.3,/in/tv-show/ramayan,Zee5
Hacked,2020,4.3,/in/movie/hacked-2020-0,
A Ranjith Cinema,2023,6.9,/in/movie/a-ranjith-cinema,Netflix
Dunia: Into a New World,2018,,/in/tv-show/dunia-into-a-new-world,Lionsgate Play
Gossip Girl,2007,7.5,/in/tv-show/gossip-girl,Netflix
Sharp Objects,2018,8.1,/in/tv-show/sharp-objects,Jio Cinema
Fresh Off the Boat,2015,7.8,/in/tv-show/fresh-off-the-boat,Hotstar
Tu Jhoothi Main Makkaar,2023,6.0,/in/movie/untitled-luv-ranjan-film,"Netflix, Bookmyshow"
Naagin,2015,3.6,/in/tv-show/naagin,Voot
Srikanto,2022,6.8,/in/tv-show/srikanto,Hoichoi
Gutar Gu,2023,8.3,/in/tv-show/gutar-gu,Amazon miniTV
SIN,2020,5.8,/in/tv-show/sin,aha
Legion,2017,8.2,/in/tv-show/legion,
Dil Hi Toh Hai,2018,7.7,/in/tv-show/dil-hi-toh-hai,Alt Balaji
House of Cards,2013,8.6,/in/tv-show/house-of-cards,Netflix
Super 30,2019,7.9,/in/movie/supr-30,
The Walking Dead: Dead City,2023,7.2,/in/tv-show/the-walking-dead-dead-city,
Baki Hanma,2021,6.9,/in/tv-show/baki-hanma,Netflix
Kung Fu Panda,2008,7.6,/in/movie/kung-fu-panda,"Amazon Video, Apple TV"
TVF Pitchers,2015,9.1,/in/tv-show/tvf-pitchers,VI movies and tv
The Exorcist,2016,7.9,/in/tv-show/the-exorcist,Amazon Prime Video
Sixty Minutes,2024,5.7,/in/movie/sixty-minutes,Netflix
Medically Yourrs,2019,6.8,/in/tv-show/medically-yourrs,Jio Cinema
Fukrey 3,2023,5.6,/in/movie/fukrey-3,"Amazon Prime Video, Amazon Video"
Kohrra,2023,7.5,/in/tv-show/kohrra,Netflix
Eternal Sunshine of the Spotless Mind,2004,8.3,/in/movie/eternal-sunshine-of-the-spotless-mind,
Black Sails,2014,8.2,/in/tv-show/black-sails,Lionsgate Play
Khichdi,2002,8.6,/in/tv-show/khichdi,Hotstar
My Love Story with Yamada-kun at Lv999,2023,7.6,/in/tv-show/my-love-story-with-yamada-kun-at-lv999,Crunchyroll
Ford v Ferrari,2019,8.1,/in/movie/ford-v-ferrari,"Hotstar, Amazon Video, Apple TV"
The Seven Deadly Sins: Four Knights of the Apocalypse,2023,,/in/tv-show/the-seven-deadly-sins-four-knights-of-the-apocalypse,Netflix
Tale of the Nine Tailed,2020,7.9,/in/tv-show/tale-of-the-nine-tailed,Netflix
"The Gangster, the Cop, the Devil",2019,6.9,/in/movie/the-gangster-the-cop-the-devil,
Ginny & Georgia,2021,7.5,/in/tv-show/ginny-and-georgia,Netflix
Heeramandi: The Diamond Bazaar,2024,,/in/tv-show/heeramandi,
The Guilt Trip,2012,5.8,/in/movie/the-guilt-trip,"Netflix, Google Play Movies, Google Play Movies"
Tonari no Seki-kun: The Master of Killing Time,2014,7.2,/in/tv-show/tonari-no-seki-kun-the-master-of-killing-time,
School 2017,2017,7.5,/in/tv-show/school-2017,Netflix
Old Henry,2021,7.3,/in/movie/old-henry,
Crazy Rich Asians,2018,6.9,/in/movie/crazy-rich-asians,"Amazon Prime Video, Google Play Movies, Apple TV"
Mast Mein Rehne Ka,2023,,/in/movie/mast-mein-rehne-ka,Amazon Prime Video
The Good Wife,2009,8.4,/in/tv-show/the-good-wife,Amazon Prime Video
The Bridge,2011,8.6,/in/tv-show/the-bridge,Amazon Prime Video
The Boy and the Heron,2023,7.6,/in/movie/kimitachi-wa-do-ikiru-ka,
The Uncanny Counter,2020,8.0,/in/tv-show/the-uncanny-counter,Netflix
John Wick,2014,7.4,/in/movie/john-wick,"Lionsgate Play, Amazon Video, Google Play Movies"
Limitless,2015,7.6,/in/tv-show/limitless,
Kadak Singh,2023,6.4,/in/movie/kadak-singh,Zee5
Jehanabad - Of Love & War,2023,6.8,/in/tv-show/jehanabad-of-love-and-war,Sony Liv
Mansion 24,2023,4.7,/in/tv-show/mansion-24,Hotstar
My Name Is Khan,2010,7.9,/in/movie/my-name-is-khan,
Keedaa Cola,2023,8.1,/in/movie/keedaa-cola,aha
Un Amor,2023,7.0,/in/movie/un-amor,
Miracle Workers,2019,7.1,/in/tv-show/miracle-workers,
Gangs of London,2020,8.0,/in/tv-show/gangs-of-london,Lionsgate Play
The Chelsea Detective,2022,7.4,/in/tv-show/the-chelsea-detective,
Charitraheen,2018,5.0,/in/tv-show/charitraheen,Hoichoi
Baby,2023,7.2,/in/movie/baby-2023,aha
Bhagavanth Kesari,2023,6.3,/in/movie/nbk-108,"Amazon Prime Video, Amazon Video"
Belgravia,2020,7.5,/in/tv-show/belgravia,Jio Cinema
Avatar: The Last Airbender,2024,,/in/tv-show/avatar-the-last-airbender,
J-Style Trip,2020,5.0,/in/tv-show/j-style-trip,Netflix
Top Gear,2002,8.7,/in/tv-show/top-gear,Discovery+
Scream Queens,2015,7.1,/in/tv-show/scream-queens,
Kingdom,2019,8.3,/in/tv-show/kingdom,Netflix
Mr Bates vs The Post Office,2024,8.7,/in/tv-show/mr-bates-vs-the-post-office,
Boston Legal,2004,8.5,/in/tv-show/boston-legal,Hotstar
Emily in Paris,2020,6.9,/in/tv-show/emily-in-paris,Netflix
Faadu,2022,,/in/tv-show/faadu,Sony Liv
Love,2015,6.1,/in/movie/love-2015,
Villager News: War,2019,6.5,/in/movie/war-2019,"Amazon Prime Video, Amazon Video, Apple TV"
Business Proposal,2022,8.1,/in/tv-show/a-business-proposal,Netflix
Doom Patrol,2019,7.8,/in/tv-show/doom-patrol,Amazon Prime Video
The Great Gatsby,2013,7.2,/in/movie/the-great-gatsby,"Amazon Prime Video, Google Play Movies, Apple TV"
Knight Rider,1982,6.9,/in/tv-show/knight-rider,
Fullmetal Alchemist: Brotherhood,2009,9.1,/in/tv-show/fullmetal-alchemist-brotherhood,Crunchyroll
Poker Face,2023,7.8,/in/tv-show/poker-face,Jio Cinema
The Good Place,2016,8.2,/in/tv-show/the-good-place,Netflix
Four More Shots Please,2019,5.8,/in/tv-show/four-more-shots-please,Amazon Prime Video
Knives Out,2019,7.9,/in/movie/knives-out,"Lionsgate Play, Apple TV, Apple TV"
Constantine,2005,7.0,/in/movie/constantine,"Netflix, Amazon Video, Apple TV"
Cobra Kai,2018,8.5,/in/tv-show/cobra-kai,Netflix
Futurama,1999,8.5,/in/tv-show/futurama,Hotstar
Maaveeran,2023,7.4,/in/movie/maaveeran-2023,"Amazon Prime Video, Amazon Video"
Godzilla vs. Kong,2021,6.3,/in/movie/godzilla-vs-kong,"Amazon Prime Video, Amazon Video, Apple TV"
Teenage Mutant Ninja Turtles: Mutant Mayhem,2023,,/in/movie/teenage-mutant-ninja-turtles-the-next-chapter,"Amazon Prime Video, Amazon Video, Apple TV"
Scavengers Reign,2023,8.7,/in/tv-show/scavengers-reign,
LOL: Last One Laughing Netherlands,2023,6.8,/in/tv-show/lol-last-one-laughing-netherlands,Amazon Prime Video
Laapataa Ladies,2024,8.9,/in/movie/laapataa-ladies,
Bekaboo,2023,5.8,/in/tv-show/uncontrollable,Jio Cinema
Elementary,2012,7.9,/in/tv-show/elementary,
Gilmore Girls,2000,8.2,/in/tv-show/gilmore-girls,Netflix
Virupaksha,2023,7.2,/in/movie/virupaksha,Netflix
Adipurush,2023,3.2,/in/movie/adipurush,"Netflix, Amazon Video"
What We Do in the Shadows,2019,8.6,/in/tv-show/what-we-do-in-the-shadows,Hotstar
Miller's Girl,2024,5.5,/in/movie/millers-girl,
Sesham Mike-il Fathima,2023,6.2,/in/movie/sesham-mikeil-fathima,Netflix
Udal,2022,6.4,/in/movie/udal,
Code M,2020,,/in/tv-show/code-m,Alt Balaji
May December,2023,6.9,/in/movie/may-december,
Black Clover,2017,8.3,/in/tv-show/black-clover,Netflix
The Wrong Way to Use Healing Magic,2024,,/in/tv-show/the-wrong-way-to-use-healing-magic,Crunchyroll
Grimm,2011,7.9,/in/tv-show/grimm,
The Fall,2013,8.1,/in/tv-show/the-fall,
Mumbai Diaries,2021,8.6,/in/tv-show/mumbai-diaries-26-11,Amazon Prime Video
Love Is in the Air,2020,7.3,/in/tv-show/you-knock-on-my-door,MX Player
Raël: The Alien Prophet,2024,6.5,/in/tv-show/rael-the-alien-prophet,Netflix
Mission Start Ab,2023,8.0,/in/tv-show/mission-start-ab,Amazon Prime Video
Parasite,2019,8.5,/in/movie/parasite,Sony Liv
The Traitors: UK,2022,8.8,/in/tv-show/the-traitors-uk,
Kabir Singh,2019,7.0,/in/movie/kabir-singh,Netflix
The Angel Next Door Spoils Me Rotten,2023,7.5,/in/tv-show/the-angel-next-door-spoils-me-rotten,
The Prestige,2006,8.5,/in/movie/the-prestige,"Google Play Movies, Apple TV"
Moon Knight,2022,7.3,/in/tv-show/moon-knight,Hotstar
Beyblade,2001,6.8,/in/tv-show/beyblade,Netflix
Lookism,2022,7.7,/in/tv-show/lookism,Netflix
Good Will Hunting,1997,8.3,/in/movie/good-will-hunting,"Netflix, Amazon Video"
Anne with an E,2017,8.6,/in/tv-show/anne,Netflix
Drive,2011,7.8,/in/movie/drive,
Paramporul,2023,7.1,/in/movie/paramporul,Amazon Prime Video
Scoop,2023,7.6,/in/tv-show/scoop-2023,Netflix
Ghost Adventures,2008,7.3,/in/tv-show/ghost-adventures,Discovery+
Smallville,2001,7.5,/in/tv-show/smallville,Amazon Prime Video
Abraham Ozler,2024,7.0,/in/movie/abraham-ozler,
The Matrix Resurrections,2021,5.7,/in/movie/the-matrix-resurrections,"Netflix, Amazon Video, Google Play Movies"
Utopia,2014,8.4,/in/tv-show/utopia,
Zack Snyder's Justice League,2021,7.9,/in/movie/zack-snyders-justice-league,"Amazon Video, Apple TV"
Fifty Shades Freed,2018,4.5,/in/movie/fifty-shades-freed,"Netflix, Hungama Play"
Pulp Fiction,1994,8.9,/in/movie/pulp-fiction,"Netflix, Amazon Video, Apple TV"
Monster,2004,8.7,/in/tv-show/monster,Netflix
Holy Family,2022,6.5,/in/tv-show/holy-family,Netflix
Never Kiss Your Best Friend,2020,7.7,/in/tv-show/never-kiss-your-best-friend,VI movies and tv
Hai Taubba,2021,4.3,/in/tv-show/hai-taubba,Alt Balaji
Gintama,2006,,/in/tv-show/gintama,Crunchyroll
MTV Splitsvilla,2008,3.9,/in/tv-show/mtv-splitsvilla,Voot
Mission Raniganj,2023,7.2,/in/movie/the-great-indian-rescue,Netflix
Dolittle,2020,5.6,/in/movie/the-voyage-of-doctor-dolittle,"Jio Cinema, Google Play Movies, Apple TV"
The Greatest Night in Pop,2024,8.0,/in/movie/the-greatest-night-in-pop,Netflix
Marco Polo,2014,8.0,/in/tv-show/marco-polo,Netflix
Mare of Easttown,2021,8.4,/in/tv-show/mare-of-easttown,Jio Cinema
The Gilded Age,2022,8.0,/in/tv-show/the-gilded-age,Jio Cinema
The X-Files,1993,8.6,/in/tv-show/the-x-files,
A Fish Called Wanda,1988,7.5,/in/movie/a-fish-called-wanda,"Amazon Prime Video, Amazon Video, Apple TV"
Leave No Trace,2018,7.1,/in/movie/leave-no-trace,"Netflix, Amazon Video, Apple TV"
All of Us Strangers,2023,8.0,/in/movie/all-of-us-strangers,
The Last Ship,2014,7.4,/in/tv-show/the-last-ship,Amazon Prime Video
Ghost,2016,3.8,/in/movie/ghost-2019,Amazon Prime Video
Mayday,2003,8.8,/in/tv-show/mayday,Hotstar
Power Book III: Raising Kanan,2021,7.7,/in/tv-show/power-book-iii-raising-kanan,Lionsgate Play
The Dark Knight Rises,2012,8.4,/in/movie/the-dark-knight-rises,"Netflix, Google Play Movies, Apple TV"
Secretary,2002,6.9,/in/movie/secretary,Lionsgate Play
Expend4bles,2023,4.8,/in/movie/the-expendables-4,Lionsgate Play
Gone Girl,2014,8.1,/in/movie/gone-girl,"Netflix, Apple TV, Apple TV"
Adhura,2023,6.6,/in/tv-show/adhura,Amazon Prime Video
Ek Jhoothi Love Story,2020,8.2,/in/tv-show/ek-jhoothi-love-story,MX Player
Doctor Stranger,2014,7.5,/in/tv-show/doctor-stranger,Netflix
No Country for Old Men,2007,8.2,/in/movie/no-country-for-old-men,"Amazon Prime Video, Amazon Video, Apple TV"
The Woman in the Wall,2023,7.2,/in/tv-show/the-woman-in-the-wall,
The Falcon and The Winter Soldier,2021,7.1,/in/tv-show/the-falcon-and-the-winter-soldier,Hotstar
Ra.One,2011,4.8,/in/movie/ra-one,"Zee5, Google Play Movies, Apple TV"
How to Get Away with Murder,2014,8.1,/in/tv-show/how-to-get-away-with-murder,Netflix
My Fault,2023,6.2,/in/movie/culpa-mia,Amazon Prime Video
Downton Abbey,2010,8.7,/in/tv-show/downton-abbey,Amazon Prime Video
Bosch,2015,8.5,/in/tv-show/bosch,Amazon Prime Video
Shazam! Fury of the Gods,2023,6.0,/in/movie/shazam-fury-of-the-gods,"Jio Cinema, Amazon Video, Google Play Movies"
Dominion: Prequel to The Exorcist,2005,5.1,/in/movie/dominion-prequel-to-the-exorcist,Netflix
Sicario,2015,7.7,/in/movie/sicario,"Lionsgate Play, Amazon Video"
Into the Wild,2007,8.1,/in/movie/into-the-wild,"Amazon Prime Video, Amazon Video, Google Play Movies"
Section 375,2019,8.1,/in/movie/section-375,"Amazon Prime Video, Amazon Video"
Sully,2016,7.4,/in/movie/sully,"Amazon Prime Video, Apple TV, Apple TV"
Bāhubali: The Beginning,2015,8.0,/in/movie/baahubali-the-beginning,"Netflix, Apple TV, Apple TV"
Vikram,2022,8.3,/in/movie/vikram-2021,Hotstar
RadhaKrishn,2018,,/in/tv-show/radhakrishn,Hotstar
Kung Fu Panda: The Dragon Knight,2022,6.0,/in/tv-show/kung-fu-panda-the-dragon-knight,Netflix
Sleep Call,2023,7.3,/in/movie/sleep-call,Amazon Prime Video
Memories of Murder,2003,8.1,/in/movie/memories-of-murder,
Priscilla,2023,6.7,/in/movie/priscilla,
Se7en,1995,8.6,/in/movie/se7en,"Amazon Video, Google Play Movies"
Archer,2009,8.6,/in/tv-show/archer,Netflix
The Hangover,2009,7.7,/in/movie/the-hangover,"Amazon Prime Video, Amazon Video, Apple TV"
Bose: Dead/Alive,2017,8.6,/in/tv-show/bose-dead-alive,Jio Cinema
Little Things,2016,8.2,/in/tv-show/little-things,Netflix
Brahmāstra Part One: Shiva,2022,5.6,/in/movie/brahmastra,Hotstar
The Rehearsal,2022,8.5,/in/tv-show/the-rehearsal,
Ratri Ke Yatri,2020,5.9,/in/tv-show/ratri-ke-yatri,Hungama Play
Bosch: Legacy,2022,8.5,/in/tv-show/bosch-legacy,Amazon Prime Video
Twilight,2008,5.3,/in/movie/twilight,"Jio Cinema, Apple TV, Apple TV"
Dungeons & Dragons: Honor Among Thieves,2023,7.3,/in/movie/dungeons-and-dragons-2023,"Amazon Prime Video, Amazon Video, Apple TV"
Maayon,2022,5.9,/in/movie/maayon,Amazon Prime Video
Special Ops 1.5: The Himmat Story,2021,8.3,/in/tv-show/special-ops-1-5-the-himmat-story,Hotstar
Mismatch,2018,4.6,/in/tv-show/mismatch,Jio Cinema
Happy Valley,2014,8.5,/in/tv-show/happy-valley,
The Glory,2022,8.1,/in/tv-show/the-glory,Netflix
Skanda: The Attacker,2023,4.2,/in/movie/boyapatirapo,Hotstar
Swamini,2019,6.6,/in/tv-show/swamini,Voot
School Friends,2023,6.2,/in/tv-show/school-friends,Amazon miniTV
Ms. Marvel,2022,6.3,/in/tv-show/ms-marvel,Hotstar
The Devil Inside,2012,4.2,/in/movie/the-devil-inside,"Netflix, Apple TV, Google Play Movies"
The Affair,2014,7.9,/in/tv-show/the-affair,Voot
Baarish,2019,7.9,/in/tv-show/baarish,Alt Balaji
Teri Baaton Mein Aisa Uljha Jiya,2024,7.4,/in/movie/untitled-shahid-kapoor-kriti-sanon-film,Bookmyshow
Virgin Bhasskar,2019,6.8,/in/tv-show/virgin-bhasskar,Alt Balaji
All the Queen's Men,2021,6.7,/in/tv-show/all-the-queens-men,
Arrow,2012,7.5,/in/tv-show/arrow,
Vaaranam Aayiram,2008,8.2,/in/movie/vaaranam-aayiram,Voot
Imlie,2020,3.5,/in/tv-show/imlie,
Auto Shankar,2019,6.8,/in/tv-show/auto-shankar,VI movies and tv
The Conjuring,2013,7.5,/in/movie/the-conjuring,"Amazon Prime Video, Apple TV, Apple TV"
Firefly,2002,9.0,/in/tv-show/firefly,
13 Reasons Why,2017,7.5,/in/tv-show/13-reasons-why,Netflix
Justice League,2001,8.6,/in/tv-show/justice-league,Netflix
Jujutsu Kaisen 0,2021,7.8,/in/movie/jujutsu-kaisen-0-the-movie,Amazon Prime Video
The Exorcist: Believer,2023,4.8,/in/movie/the-exorcist-2023,"Jio Cinema, Amazon Video, Apple TV"
True Beauty,2020,8.0,/in/tv-show/true-beauty,Netflix
History Hunter,2023,,/in/tv-show/history-hunter,Amazon Prime Video
You Are What You Eat: A Twin Experiment,2024,5.9,/in/tv-show/you-are-what-you-eat-a-twin-experiment,Netflix
Dilwale,2015,5.1,/in/movie/dilwale,"Netflix, Google Play Movies, Apple TV"
The Adventures of LLeo,2023,8.0,/in/tv-show/the-adventures-of-lleo,Amazon miniTV
Conjuring Kannappan,2023,6.1,/in/movie/conjuring-kannappan,Netflix
Fantastic Beasts: The Secrets of Dumbledore,2022,6.2,/in/movie/fantastic-beasts-3,"Netflix, Amazon Video, Google Play Movies"
Breakout Kings,2011,7.2,/in/tv-show/breakout-kings,
Haikyu!!,2014,8.7,/in/tv-show/haikyu,Netflix
The Resident,2018,7.8,/in/tv-show/the-resident,Hotstar
Aadha Ishq,2022,6.0,/in/tv-show/aadha-ishq,Voot
9 Hours,2022,6.0,/in/tv-show/9-hours,Hotstar
This Is Us,2016,8.7,/in/tv-show/this-is-us,Amazon Prime Video
Damaged,2018,5.5,/in/tv-show/damaged,VI movies and tv
Yeh Kaali Kaali Ankhein,2022,7.0,/in/tv-show/these-black-black-eyes,Netflix
DARLING in the FRANXX,2018,7.3,/in/tv-show/darling-in-the-franxx,Crunchyroll
The Trial,2023,5.4,/in/tv-show/the-trial,Hotstar
The Handmaid's Tale,2017,8.4,/in/tv-show/the-handmaids-tale,
The Lord of the Rings: The Fellowship of the Ring,2001,8.9,/in/movie/the-lord-of-the-rings-the-fellowship-of-the-ring,"Amazon Prime Video, Amazon Video, Apple TV"
And Then There Were None,2015,7.8,/in/tv-show/and-then-there-were-none,
Hypnotic,2023,5.5,/in/movie/hypnotic-2023,Amazon Prime Video
Station 19,2018,7.0,/in/tv-show/station-19,Amazon Prime Video
Frosty the Snowman,1969,7.3,/in/movie/frosty-the-snowman,
Kong: Skull Island,2017,6.6,/in/movie/kong-skull-island,"Jio Cinema, Amazon Video, Apple TV"
CAT,2022,,/in/tv-show/cat,Netflix
The K2,2016,7.8,/in/tv-show/the-k2,MX Player
Undercover Billionaire,2019,7.6,/in/tv-show/undercover-billionaire,Discovery+
Hridayam,2022,8.1,/in/movie/hridayam,
American Gods,2017,7.6,/in/tv-show/american-gods,Amazon Prime Video
Gigolò per caso,2023,6.5,/in/tv-show/gigolo-per-caso,Amazon Prime Video
Level 1 Demon Lord & One Room Hero,2023,6.6,/in/tv-show/level-1-demon-lord-and-one-room-hero,Netflix
Saw X,2023,6.6,/in/movie/saw-x,"Lionsgate Play, Apple TV, Apple TV"
